era,genre,global_sales_m,share_of_era_pct
1: 1980-89,Action,51.18,13.59
1: 1980-89,Adventure,4.78,1.27
1: 1980-89,Fighting,7.24,1.92
1: 1980-89,Misc,8.45,2.24
1: 1980-89,Platform,122.27,32.47
1: 1980-89,Puzzle,62.73,16.66
1: 1980-89,Racing,12.1,3.21
1: 1980-89,Role-Playing,15.25,4.05
1: 1980-89,Shooter,59.79,15.88
1: 1980-89,Simulation,0.51,0.14
1: 1980-89,Sports,32.28,8.57
2: 1990-99,Action,139.29,10.89
2: 1990-99,Adventure,44.81,3.5
2: 1990-99,Fighting,123.45,9.65
2: 1990-99,Misc,63.54,4.97
2: 1990-99,Platform,208.91,16.34
2: 1990-99,Puzzle,38.99,3.05
2: 1990-99,Racing,150.4,11.76
2: 1990-99,Role-Playing,184.52,14.43
2: 1990-99,Shooter,68.95,5.39
2: 1990-99,Simulation,52.05,4.07
2: 1990-99,Sports,146.57,11.46
2: 1990-99,Strategy,57.43,4.49
3: 2000-05,Action,410.08,18.94
3: 2000-05,Adventure,42.52,1.96
3: 2000-05,Fighting,123.59,5.71
3: 2000-05,Misc,163.99,7.57
3: 2000-05,Platform,215.1,9.93
3: 2000-05,Puzzle,48.46,2.24
3: 2000-05,Racing,262.47,12.12
3: 2000-05,Role-Playing,209.0,9.65
3: 2000-05,Shooter,195.85,9.04
3: 2000-05,Simulation,115.06,5.31
3: 2000-05,Sports,337.37,15.58
3: 2000-05,Strategy,42.16,1.95
4: 2006-10,Action,566.47,18.4
4: 2006-10,Adventure,98.21,3.19
4: 2006-10,Fighting,122.58,3.98
4: 2006-10,Misc,420.45,13.66
4: 2006-10,Platform,194.08,6.3
4: 2006-10,Puzzle,81.98,2.66
4: 2006-10,Racing,213.04,6.92
4: 2006-10,Role-Playing,279.87,9.09
4: 2006-10,Shooter,316.22,10.27
4: 2006-10,Simulation,173.36,5.63
4: 2006-10,Sports,560.75,18.21
4: 2006-10,Strategy,51.81,1.68
5: 2011-16+,Action,555.86,28.95
5: 2011-16+,Adventure,44.48,2.32
5: 2011-16+,Fighting,67.19,3.5
5: 2011-16+,Misc,141.19,7.35
5: 2011-16+,Platform,88.79,4.62
5: 2011-16+,Puzzle,10.06,0.52
5: 2011-16+,Racing,88.76,4.62
5: 2011-16+,Role-Playing,235.2,12.25
5: 2011-16+,Shooter,385.39,20.07
5: 2011-16+,Simulation,49.18,2.56
5: 2011-16+,Sports,232.26,12.09
5: 2011-16+,Strategy,22.03,1.15
