genre,titles,global_sales_m,na_sales_m,eu_sales_m,jp_sales_m,other_sales_m,share_of_na_pct,share_of_eu_pct,share_of_jp_pct,avg_sales_per_title_m
Action,3316,1751.18,877.83,525.0,159.95,187.38,19.98,21.57,12.39,0.528
Adventure,1286,239.04,105.8,64.13,52.07,16.81,2.41,2.63,4.03,0.186
Fighting,848,448.91,223.59,101.32,87.35,36.68,5.09,4.16,6.77,0.529
Misc,1739,809.96,410.24,215.98,107.76,75.32,9.34,8.87,8.35,0.466
Platform,886,831.37,447.05,201.63,130.77,51.59,10.18,8.28,10.13,0.938
Puzzle,582,244.95,123.78,50.78,57.31,12.55,2.82,2.09,4.44,0.421
Racing,1249,732.04,359.42,238.39,56.69,77.27,8.18,9.79,4.39,0.586
Role-Playing,1488,927.37,327.28,188.06,352.31,59.61,7.45,7.73,27.29,0.623
Shooter,1309,1037.35,582.6,313.27,38.26,102.69,13.26,12.87,2.96,0.792
Simulation,867,392.2,183.31,113.38,63.7,31.52,4.17,4.66,4.93,0.452
Sports,2345,1330.92,683.35,376.84,135.37,134.97,15.56,15.48,10.49,0.568
Strategy,681,175.12,68.7,45.34,49.46,11.36,1.56,1.86,3.83,0.257
