release_year,platform_maker,global_sales_m,share_of_year_pct
1980,Other,11.38,100.0
1981,Other,35.77,100.0
1982,Other,28.86,100.0
1983,Nintendo,10.96,65.28
1983,Other,5.83,34.72
1984,Nintendo,50.09,99.46
1984,Other,0.27,0.54
1985,Nintendo,53.46,99.11
1985,Other,0.45,0.83
1985,PC,0.03,0.06
1986,Nintendo,36.41,98.22
1986,Other,0.66,1.78
1987,Nintendo,19.76,90.89
1987,Other,1.98,9.11
1988,Nintendo,46.44,98.35
1988,Other,0.75,1.59
1988,PC,0.03,0.06
1989,Nintendo,72.83,99.16
1989,Other,0.62,0.84
1990,Nintendo,46.79,94.74
1990,Sega,2.6,5.26
1991,Nintendo,27.89,86.53
1991,Sega,4.34,13.47
1992,Nintendo,60.44,79.36
1992,PC,3.02,3.97
1992,Sega,12.7,16.68
1993,Nintendo,43.62,94.87
1993,Other,0.21,0.46
1993,Sega,2.15,4.68
1994,Nintendo,47.36,59.82
1994,Other,0.82,1.04
1994,PC,12.85,16.23
1994,Sega,12.12,15.31
1994,Sony,6.02,7.6
1995,Nintendo,35.81,40.64
1995,Other,0.57,0.65
1995,PC,4.23,4.8
1995,Sega,11.58,13.14
1995,Sony,35.92,40.77
1996,Nintendo,86.06,43.21
1996,Other,0.13,0.07
1996,PC,10.59,5.32
1996,Sega,7.69,3.86
1996,Sony,94.68,47.54
1997,Nintendo,46.87,23.32
1997,PC,11.26,5.6
1997,Sega,6.77,3.37
1997,Sony,136.08,67.71
1998,Nintendo,76.4,29.79
1998,PC,3.28,1.28
1998,Sega,7.21,2.81
1998,Sony,169.58,66.12
1999,Nintendo,96.23,38.3
1999,Other,0.46,0.18
1999,PC,4.75,1.89
1999,Sega,5.26,2.09
1999,Sony,144.57,57.54
2000,Microsoft,0.99,0.49
2000,Nintendo,53.83,26.71
2000,Other,0.68,0.34
2000,PC,4.68,2.32
2000,Sega,5.99,2.97
2000,Sony,135.39,67.17
2001,Microsoft,22.24,6.71
2001,Nintendo,100.42,30.3
2001,Other,0.28,0.08
2001,PC,5.51,1.66
2001,Sega,1.07,0.32
2001,Sony,201.95,60.93
2002,Microsoft,48.15,12.17
2002,Nintendo,126.39,31.96
2002,PC,8.6,2.17
2002,Sega,0.29,0.07
2002,Sony,212.09,53.62
2003,Microsoft,55.16,15.41
2003,Nintendo,107.39,30.01
2003,PC,8.96,2.5
2003,Sony,186.34,52.07
2004,Microsoft,65.5,15.62
2004,Nintendo,124.44,29.68
2004,PC,10.46,2.49
2004,Sony,218.91,52.21
2005,Microsoft,57.49,12.5
2005,Nintendo,193.1,41.98
2005,PC,4.47,0.97
2005,Sony,204.88,44.54
2006,Microsoft,62.03,11.91
2006,Nintendo,275.7,52.91
2006,PC,2.97,0.57
2006,Sony,180.34,34.61
2007,Microsoft,96.39,15.77
2007,Nintendo,308.03,50.4
2007,PC,9.4,1.54
2007,Sega,0.02,0.0
2007,Sony,197.29,32.28
2008,Microsoft,135.94,20.02
2008,Nintendo,322.05,47.44
2008,PC,12.67,1.87
2008,Sega,0.04,0.01
2008,Sony,208.2,30.67
2009,Microsoft,120.85,18.11
2009,Nintendo,332.43,49.82
2009,PC,17.16,2.57
2009,Sony,196.86,29.5
2010,Microsoft,171.05,28.49
2010,Nintendo,219.78,36.6
2010,PC,24.46,4.07
2010,Sony,185.16,30.84
2011,Microsoft,145.12,28.12
2011,Nintendo,152.74,29.6
2011,PC,35.25,6.83
2011,Sony,182.88,35.44
2012,Microsoft,100.88,27.75
2012,Nintendo,103.39,28.44
2012,PC,23.53,6.47
2012,Sony,135.73,37.34
2013,Microsoft,108.21,29.4
2013,Nintendo,89.04,24.19
2013,PC,12.83,3.49
2013,Sony,158.03,42.93
2014,Microsoft,88.85,26.36
2014,Nintendo,70.11,20.8
2014,PC,13.39,3.97
2014,Sony,164.7,48.87
2015,Microsoft,70.71,26.74
2015,Nintendo,44.92,16.99
2015,PC,8.07,3.05
2015,Sony,140.74,53.22
2016,Microsoft,13.2,18.61
2016,Nintendo,9.89,13.94
2016,PC,2.6,3.67
2016,Sony,45.24,63.78
