release_year,titles,global_sales_m,na_sales_m,eu_sales_m,jp_sales_m,other_sales_m,jp_share_pct
1980,9,11.38,10.59,0.67,0.0,0.12,0.0
1981,46,35.77,33.4,1.96,0.0,0.32,0.0
1982,36,28.86,26.92,1.65,0.0,0.31,0.0
1983,17,16.79,7.76,0.8,8.1,0.14,48.24
1984,14,50.36,33.28,2.1,14.27,0.7,28.34
1985,14,53.94,33.73,4.74,14.56,0.92,26.99
1986,21,37.07,12.5,2.84,19.81,1.93,53.44
1987,16,21.74,8.46,1.41,11.63,0.2,53.5
1988,15,47.22,23.87,6.59,15.76,0.99,33.38
1989,17,73.45,45.15,8.44,18.36,1.5,25.0
1990,16,49.39,25.46,7.63,14.88,1.4,30.13
1991,41,32.23,12.76,3.95,14.78,0.74,45.86
1992,43,76.16,33.87,11.71,28.91,1.65,37.96
1993,60,45.98,15.12,4.65,25.33,0.89,55.09
1994,121,79.17,28.15,14.88,33.99,2.2,42.93
1995,219,88.11,24.82,14.9,45.75,2.64,51.92
1996,263,199.15,86.76,47.26,57.44,7.69,28.84
1997,289,200.98,94.75,48.32,48.87,9.13,24.32
1998,379,256.47,128.36,66.9,50.04,11.03,19.51
1999,338,251.27,126.06,62.67,52.34,10.05,20.83
2000,349,201.56,94.49,52.75,42.77,11.62,21.22
2001,482,331.47,173.98,94.89,39.86,22.76,12.03
2002,829,395.52,216.19,109.74,41.76,27.28,10.56
2003,775,357.85,193.59,103.81,34.2,26.01,9.56
2004,763,419.31,222.59,107.32,41.65,47.29,9.93
2005,941,459.94,242.61,121.94,54.28,40.58,11.8
2006,1008,521.04,263.12,129.24,73.73,54.43,14.15
2007,1202,611.13,312.05,160.5,60.29,77.6,9.87
2008,1428,678.9,351.44,184.4,60.26,82.39,8.88
2009,1431,667.3,338.85,191.59,61.89,74.77,9.27
2010,1259,600.45,304.24,176.73,59.49,59.9,9.91
2011,1139,515.99,241.06,167.44,53.04,54.39,10.28
2012,656,363.53,154.96,118.77,51.74,37.82,14.23
2013,546,368.11,154.77,125.8,47.59,39.82,12.93
2014,582,337.05,131.97,125.65,39.46,40.02,11.71
2015,614,264.44,102.82,97.71,33.72,30.01,12.75
2016,344,70.93,22.66,26.76,13.7,7.75,19.31
