title,platforms,global_sales_m,first_year,genre
Call of Duty: Black Ops,5,31.03,2010,Shooter
Call of Duty: Black Ops II,4,29.72,2012,Shooter
Call of Duty: Ghosts,6,27.38,2013,Shooter
Call of Duty: Modern Warfare 3,4,30.83,2011,Shooter
Duck Hunt,1,28.31,1984,Shooter
Grand Theft Auto V,5,55.92,2013,Action
Mario Kart Wii,1,35.82,2008,Racing
New Super Mario Bros.,1,30.01,2006,Platform
New Super Mario Bros. Wii,1,28.62,2009,Platform
Pokemon Red/Pokemon Blue,1,31.37,1996,Role-Playing
Super Mario Bros.,2,45.31,1985,Platform
Tetris,2,35.84,1988,Puzzle
Wii Play,1,29.02,2006,Misc
Wii Sports,1,82.74,2006,Sports
Wii Sports Resort,1,33.0,2009,Sports
