Name,Platform,Year_of_Release,Genre,Publisher,NA_Sales,EU_Sales,JP_Sales,Other_Sales,Global_Sales,Critic_Score,Critic_Count,User_Score,User_Count,Developer,Rating
Wii Sports,Wii,2006,Sports,Nintendo,41.36,28.96,3.77,8.45,82.53,76,51,8,322,Nintendo,E
Super Mario Bros.,GB,1999,Platform,Nintendo,3.4,1.3,0.15,0.22,5.07,,,,,,
Rugrats: Search For Reptar,PS,1998,Adventure,THQ,1.63,1.53,0,0.18,3.34,,,,,,
Madden NFL 08,PS2,2007,Sports,Electronic Arts,2.14,0.08,0,0.35,2.57,78,11,7.8,17,EA Tiburon,E
World of Warcraft: Cataclysm,PC,2010,Role-Playing,Activision,1.77,0.32,0,0,2.08,90,53,5.6,953,Blizzard Entertainment,T
Call of Duty: Black Ops 3,X360,2015,Shooter,Activision,1.14,0.4,0,0.16,1.71,,,,,,
BioShock 2,PS3,2010,Shooter,Take-Two Interactive,0.85,0.46,0.02,0.22,1.54,88,62,8.2,492,2K Marin,M
True Crime: Streets of LA,XB,2003,Action,Activision,0.96,0.37,0,0.05,1.38,77,39,7.8,28,"Luxoflux, Inc.",M
Transformers: Autobots / Decepticons,DS,2007,Action,Activision,1.12,0.02,0,0.09,1.24,,,,,,
Mobile Suit Gundam: Federation vs. Zeon,PS2,2001,Simulation,Atari,0.12,0.1,0.88,0.03,1.14,73,15,8.8,32,Capcom,T
Brink,X360,2011,Shooter,Bethesda Softworks,0.59,0.35,0.01,0.09,1.03,68,85,5.8,404,Splash Damage,T
Rocksmith 2014,X360,2013,Misc,Ubisoft,0.69,0.16,0,0.09,0.94,,,,,,
Scooby-Doo! First Frights,DS,2009,Action,Warner Bros. Interactive Entertainment,0.6,0.16,0,0.07,0.82,,,,,,
Rayman Origins,X360,2011,Platform,Ubisoft,0.38,0.32,0,0.08,0.78,87,55,8.2,209,UBlart Montpellier,E10+
Mortal Kombat 4,N64,1998,Fighting,GT Interactive,0.55,0.17,0,0.01,0.73,,,,,,
Fight Night 2004,XB,2004,Fighting,Electronic Arts,0.51,0.15,0,0.02,0.68,85,47,8.7,20,EA Sports,T
Guitar Hero: Metallica,PS3,2009,Misc,Activision,0.28,0.24,0,0.1,0.62,86,44,8,48,Neversoft Entertainment,T
Jikkyou Powerful Pro Yakyuu '98 Kaimakuban,PS,1998,Sports,Konami Digital Entertainment,0,0,0.55,0.04,0.59,,,,,,
Hamtaro: Ham-Hams Unite!,GB,2001,Role-Playing,Nintendo,0,0,0.56,0,0.56,,,,,,
Littlest Pet Shop 3: Biggest Stars - Blue / Pink / Purple Team,DS,2010,Simulation,Electronic Arts,0.49,0,0,0.03,0.52,,,,,,
Dreamworks Madagascar Kartz,Wii,2009,Racing,Activision,0.29,0.15,0,0.05,0.49,,,tbd,,Activision,E
Tiger Woods PGA Tour 07,Wii,N/A,Sports,Electronic Arts,0.43,0,0,0.04,0.47,71,41,6.9,44,EA Redwood Shores,E
Vandal Hearts,PS,1996,Role-Playing,Konami Digital Entertainment,0.14,0.09,0.19,0.03,0.45,,,,,,
NASCAR Thunder 2002,PS,2001,Racing,Electronic Arts,0.23,0.16,0,0.03,0.42,69,8,6.9,10,Black Box,E
Taiko no Tatsujin Wii: Dodon to 2 Yome!,Wii,2009,Misc,Namco Bandai Games,0,0,0.4,0,0.4,,,,,,
Naruto Shippuden: Ultimate Ninja Heroes 3,PSP,2009,Fighting,Namco Bandai Games,0.13,0.04,0.19,0.03,0.38,61,22,6.6,19,CyberConnect2,T
Assassin's Creed III,WiiU,2012,Action,Ubisoft,0.19,0.13,0,0.03,0.35,85,26,7.1,216,Ubisoft Quebec,M
MX vs. ATV Untamed,Wii,2008,Racing,THQ,0.28,0.02,0,0.02,0.33,70,7,8.3,9,Rainbow Studios,E
Bust-A-Move '99,PS,1997,Puzzle,Acclaim Entertainment,0.18,0.12,0,0.02,0.32,,,,,,
Ganbare Goemon 2: Kiteretsu Shougun Magginesu,SNES,1993,Platform,Konami Digital Entertainment,0,0,0.31,0,0.31,,,,,,
Ratchet & Clank: Size Matters,PS2,2008,Platform,Sony Computer Entertainment,0.13,0.1,0.03,0.03,0.29,,,,,,
Final Doom,PS,1995,Shooter,GT Interactive,0.15,0.1,0,0.02,0.27,,,,,,
Super Robot Taisen R,GBA,2002,Strategy,Banpresto,0,0,0.25,0.01,0.26,,,,,,
Just Dance 2015,PS3,2014,Misc,Ubisoft,0.13,0.08,0,0.04,0.25,,,6.8,4,Ubisoft,E10+
World Soccer Winning Eleven 7,PS2,2003,Sports,Konami Digital Entertainment,0.12,0.09,0,0.03,0.24,,,,,,
M&M's Kart Racing,Wii,2007,Racing,Zoo Digital Publishing,0.21,0,0,0.02,0.23,,,,,,
LEGO The Lord of the Rings,PC,2012,Action,Warner Bros. Interactive Entertainment,0.07,0.13,0,0.03,0.22,80,6,8.2,127,TT Games,E10+
The Fairly OddParents: Breakin' Da Rules,GC,2003,Platform,THQ,0.16,0.04,0,0.01,0.21,,,,,,
Afro Samurai,PS3,2009,Action,Atari,0.12,0.05,0,0.03,0.2,65,52,6.1,27,"Namco Bandai Games America, Namco Bandai Games",M
DanceMasters,X360,2010,Misc,Konami Digital Entertainment,0.15,0.02,0.02,0.01,0.19,63,30,5.9,7,GCP1,E10+
You Don't Know Jack,PS3,2011,Misc,THQ,0.16,0,0,0.01,0.18,82,11,7.3,18,"Jellyvision, Iron Galaxy Studios",T
Hello Kitty: Birthday Adventures,DS,2010,Adventure,Namco Bandai Games,0.06,0.1,0,0.02,0.18,,,tbd,,OneNine Studios,E
Surf's Up,Wii,2007,Sports,Ubisoft,0.15,0,0,0.01,0.17,64,9,tbd,,Ubisoft Montreal,E10+
Macross Ace Frontier,PSP,2008,Simulation,Namco Bandai Games,0,0,0.16,0,0.16,,,,,,
Theatrhythm Dragon Quest,3DS,2015,Misc,Square Enix,0,0,0.15,0,0.15,,,,,,
Barbarian,PS2,2002,Fighting,Titus,0.07,0.06,0,0.02,0.14,63,22,tbd,,Saffire,T
The Darkness II,PC,2012,Shooter,Take-Two Interactive,0.1,0.03,0,0.01,0.14,77,20,7.6,448,Digital Extremes,M
Chessmaster,XB,2004,Misc,Ubisoft,0.1,0.03,0,0,0.13,79,12,9,6,Ubisoft,E
Monster Jam: Urban Assault,PS2,2008,Racing,Activision,0.06,0.05,0,0.02,0.13,,,tbd,,Torus Games,E
DOA 2: Dead or Alive 2 Hardcore,PS2,2000,Fighting,Tecmo Koei,0,0,0.11,0,0.11,,,,,,
Yard Sale Hidden Treasures: Sunnyville,DS,2010,Puzzle,Konami Digital Entertainment,0.1,0,0,0.01,0.11,,,tbd,,Konami,E10+
Mobile Light Force 2,PS2,2002,Shooter,Taito,0.05,0.04,0,0.01,0.11,59,9,tbd,,Alfa System,E
Yuusha no Kuse ni Namaikida Or 3D,PSP,2010,Strategy,Sony Computer Entertainment,0,0,0.11,0,0.11,,,,,,
Blades of Time,PS3,2012,Action,Konami Digital Entertainment,0.04,0.03,0.01,0.01,0.1,53,19,7.2,22,Gaijin Entertainment,M
Mind Quiz,PSP,2006,Action,Ubisoft,0.08,0.01,0,0.01,0.09,,,tbd,,Ubisoft,E
Cake Mania: Main Street,DS,2011,Simulation,Majesco Entertainment,0.08,0,0,0.01,0.09,,,tbd,,"Majesco Games, Majesco",E10+
LEGO Star Wars II: The Original Trilogy,GBA,2006,Action,LucasArts,0.06,0.02,0,0,0.09,55,5,7,6,Amaze Entertainment,E
Initial D: Extreme Stage,PS3,2008,Racing,Sega,0,0,0.08,0,0.08,,,,,,
Grease Dance,PS3,2011,Misc,505 Games,0.05,0.02,0,0.01,0.07,,,tbd,,505 Games,T
Mega Man Xtreme,GB,2000,Platform,Capcom,0,0,0.07,0,0.07,,,,,,
The Sims 2: Seasons,PC,2007,Simulation,Electronic Arts,0.01,0.04,0,0.01,0.07,78,20,7.3,29,Maxis,T
Worms 3D,GC,2003,Strategy,Sega,0.05,0.01,0,0,0.07,69,23,7.6,19,Team 17,T
The Next BIG Thing,PC,2011,Adventure,Focus Home Interactive,0,0.05,0,0.01,0.06,75,30,7.9,35,Pendulo Studios,E10+
WWF Wrestlemania: The Arcade Game,PS,1995,Fighting,Acclaim Entertainment,0.03,0.02,0,0,0.06,,,,,,
Jewel Legends: Tree of Life,DS,2011,Puzzle,Rising Star Games,0,0.04,0,0.01,0.05,,,tbd,,Rising Star Games,E
Major League Baseball 2K11,PS2,2011,Sports,Take-Two Interactive,0.02,0.02,0,0.01,0.05,,,tbd,,Visual Concepts,E
March of the Penguins,DS,2006,Adventure,Zoo Digital Publishing,0.04,0,0,0,0.05,34,8,1.7,6,SkyRiver Studios,E
Pony Friends,DS,2007,Simulation,Eidos Interactive,0,0.04,0,0.01,0.04,67,8,6.6,12,Tantalus Interactive,E
Challenge Me: Maths Workout,DS,2009,Puzzle,Oxygen Interactive,0.04,0,0,0,0.04,,,,,,
Sacred Blaze,PS2,2009,Strategy,Flight-Plan,0,0,0.04,0,0.04,,,,,,
"Minna de Jibun no Setsumeisho: B-Kata, A-Kata, AB-Kata, O-Kata",DS,2008,Misc,GungHo,0,0,0.04,0,0.04,,,,,,
Monster Guardians,GBA,2001,Role-Playing,Konami Digital Entertainment,0,0,0.03,0,0.03,,,,,,
Egg Mania: Eggstreme Madness,PS2,2002,Puzzle,Kemco,0.02,0.01,0,0,0.03,64,8,tbd,,Kemco,E
Driver: Parallel Lines,Wii,2007,Racing,Ubisoft,0.01,0.01,0,0,0.03,59,9,6,20,Reflections Interactive,M
Archer Maclean Presents: Pool Paradise,GC,2004,Sports,Ignition Entertainment,0.02,0.01,0,0,0.03,,,,,,
One Piece: Daikaizoku Coliseum,3DS,2016,Fighting,Namco Bandai Games,0,0,0.03,0,0.03,,,,,,
Payout Poker & Casino,PSP,N/A,Misc,Unknown,0.02,0,0,0,0.02,,,,,,
Call of Duty: Modern Warfare Trilogy,PS3,2016,Shooter,Activision,0.01,0.01,0,0,0.02,,,7,5,Infinity Ward,M
The Legend of Heroes: Trails in the Sky Second Chapter,PS3,2013,Role-Playing,Falcom Corporation,0,0,0.02,0,0.02,,,,,,
Darksiders,PS3,2010,Action,THQ,0.01,0,0,0,0.02,82,73,7.9,319,Vigil Games,M
Simple 2000 Series Vol. 105: The Maid Fuku to Kikanjuu,PS2,2006,Action,D3Publisher,0,0,0.02,0,0.02,,,,,,
AKB1/48: Idol to Guam de Koishitara...,X360,N/A,Misc,N/A,0,0,0.01,0,0.01,,,,,,
Petz: Hamsterz Life 2,GBA,2007,Misc,Ubisoft,0.01,0,0,0,0.01,,,,,,
