publisher_key,publisher,titles,publisher_size
7,505 Games,192,Major (100+ titles)
22,Activision,975,Major (100+ titles)
54,Atari,363,Major (100+ titles)
67,Bethesda Softworks,71,Mid (20-99)
86,Capcom,381,Major (100+ titles)
139,Electronic Arts,1350,Major (100+ titles)
178,GT Interactive,45,Mid (20-99)
276,Konami Digital Entertainment,832,Major (100+ titles)
324,Microsoft Game Studios,189,Major (100+ titles)
360,Nintendo,702,Major (100+ titles)
447,Sega,639,Major (100+ titles)
457,Sony Computer Entertainment,683,Major (100+ titles)
459,Sony Computer Entertainment Europe,15,Small (<20)
466,Square Enix,233,Major (100+ titles)
467,SquareSoft,52,Mid (20-99)
495,Take-Two Interactive,413,Major (100+ titles)
526,Ubisoft,921,Major (100+ titles)
