platform_key,platform,platform_maker,platform_type,first_year,last_year,titles
1,2600,Other,Home console,1980,1989,133
2,3DO,Other,Home console,1994,1995,3
3,3DS,Nintendo,Handheld,2011,2016,509
4,DC,Sega,Home console,1998,2008,52
5,DS,Nintendo,Handheld,1985,2020,2163
6,GB,Nintendo,Handheld,1988,2001,98
7,GBA,Nintendo,Handheld,2000,2007,822
8,GC,Nintendo,Home console,2001,2007,556
9,GEN,Sega,Home console,1990,1994,27
10,GG,Sega,Handheld,1992,1992,1
11,N64,Nintendo,Home console,1996,2002,319
12,NES,Nintendo,Home console,1983,1994,98
13,NG,Other,Home console,1993,1996,12
14,PC,PC,PC,1985,2016,960
15,PCFX,Other,Home console,1996,1996,1
16,PS,Sony,Home console,1994,2003,1196
17,PS2,Sony,Home console,2000,2011,2161
18,PS3,Sony,Home console,2006,2016,1328
19,PS4,Sony,Home console,2013,2017,336
20,PSP,Sony,Handheld,2004,2015,1213
21,PSV,Sony,Handheld,2011,2017,413
22,SAT,Sega,Home console,1994,1999,173
23,SCD,Sega,Home console,1993,1994,6
24,SNES,Nintendo,Home console,1990,1999,239
25,TG16,Other,Home console,1995,1995,2
26,WII,Nintendo,Home console,2006,2015,1324
27,WIIU,Nintendo,Home console,2012,2016,143
28,WS,Other,Handheld,1999,2001,6
29,X360,Microsoft,Home console,2005,2016,1265
30,XB,Microsoft,Home console,2000,2008,824
31,XONE,Microsoft,Home console,2013,2016,213
