year_key,release_year,era,decade
0,,Unknown,Unknown
1980,1980,1: 1980-89,1980s
1981,1981,1: 1980-89,1980s
1982,1982,1: 1980-89,1980s
1983,1983,1: 1980-89,1980s
1984,1984,1: 1980-89,1980s
1985,1985,1: 1980-89,1980s
1986,1986,1: 1980-89,1980s
1987,1987,1: 1980-89,1980s
1988,1988,1: 1980-89,1980s
1989,1989,1: 1980-89,1980s
1990,1990,2: 1990-99,1990s
1991,1991,2: 1990-99,1990s
1992,1992,2: 1990-99,1990s
1993,1993,2: 1990-99,1990s
1994,1994,2: 1990-99,1990s
1995,1995,2: 1990-99,1990s
1996,1996,2: 1990-99,1990s
1997,1997,2: 1990-99,1990s
1998,1998,2: 1990-99,1990s
1999,1999,2: 1990-99,1990s
2000,2000,3: 2000-05,2000s
2001,2001,3: 2000-05,2000s
2002,2002,3: 2000-05,2000s
2003,2003,3: 2000-05,2000s
2004,2004,3: 2000-05,2000s
2005,2005,3: 2000-05,2000s
2006,2006,4: 2006-10,2000s
2007,2007,4: 2006-10,2000s
2008,2008,4: 2006-10,2000s
2009,2009,4: 2006-10,2000s
2010,2010,4: 2006-10,2010s
2011,2011,5: 2011-16+,2010s
2012,2012,5: 2011-16+,2010s
2013,2013,5: 2011-16+,2010s
2014,2014,5: 2011-16+,2010s
2015,2015,5: 2011-16+,2010s
2016,2016,5: 2011-16+,2010s
2017,2017,5: 2011-16+,2010s
2020,2020,5: 2011-16+,2020s
