game_id,platform_key,genre_key,publisher_key,year_key,title,na_sales,eu_sales,jp_sales,other_sales,global_sales,critic_score,critic_count,user_score,user_count,esrb_rating,developer,critic_band,has_rating_match,is_million_seller,is_mega_hit,dq_global_ne_regions,dq_missing_year,dq_year_after_snapshot,dq_unknown_publisher
1,26,11,360,2006,Wii Sports,41.49,29.02,3.77,8.46,82.74,76,51,80.0,322,E,Nintendo,4: 70-79,1,1,1,0,0,0,0
2,12,5,360,1985,Super Mario Bros.,29.08,3.58,6.81,0.77,40.24,,,,,,,No score,0,1,1,0,0,0,0
3,26,7,360,2008,Mario Kart Wii,15.85,12.88,3.79,3.31,35.82,82,73,83.0,709,E,Nintendo,5: 80-89,1,1,1,0,0,0,0
4,26,11,360,2009,Wii Sports Resort,15.75,11.01,3.28,2.96,33.0,80,73,80.0,192,E,Nintendo,5: 80-89,1,1,1,0,0,0,0
5,6,8,360,1996,Pokemon Red/Pokemon Blue,11.27,8.89,10.22,1.0,31.37,,,,,,,No score,0,1,1,0,0,0,0
6,6,6,360,1989,Tetris,23.2,2.26,4.22,0.58,30.26,,,,,,,No score,0,1,1,0,0,0,0
7,5,5,360,2006,New Super Mario Bros.,11.38,9.23,6.5,2.9,30.01,89,65,85.0,431,E,Nintendo,5: 80-89,1,1,1,0,0,0,0
8,26,4,360,2006,Wii Play,14.03,9.2,2.93,2.85,29.02,58,41,66.0,129,E,Nintendo,2: 50-59,1,1,1,0,0,0,0
9,26,5,360,2009,New Super Mario Bros. Wii,14.59,7.06,4.7,2.26,28.62,87,80,84.0,594,E,Nintendo,5: 80-89,1,1,1,0,0,0,0
10,12,9,360,1984,Duck Hunt,26.93,0.63,0.28,0.47,28.31,,,,,,,No score,0,1,1,0,0,0,0
11,5,10,360,2005,Nintendogs,9.07,11.0,1.93,2.75,24.76,,,,,,,No score,0,1,1,0,0,0,0
12,5,7,360,2005,Mario Kart DS,9.81,7.57,4.13,1.92,23.42,91,64,86.0,464,E,Nintendo,6: 90+,1,1,1,0,0,0,0
13,6,8,360,1999,Pokemon Gold/Pokemon Silver,9.0,6.18,7.2,0.71,23.1,,,,,,,No score,0,1,1,0,0,0,0
14,26,11,360,2007,Wii Fit,8.94,8.03,3.6,2.15,22.72,80,63,77.0,146,E,Nintendo,5: 80-89,1,1,1,0,0,0,0
15,26,11,360,2009,Wii Fit Plus,9.09,8.59,2.53,1.79,22.0,80,33,74.0,52,E,Nintendo,5: 80-89,1,1,1,0,0,0,0
16,29,4,324,2010,Kinect Adventures!,14.97,4.94,0.24,1.67,21.82,61,45,63.0,106,E,Good Science Studio,3: 60-69,1,1,1,0,0,0,0
17,18,1,495,2013,Grand Theft Auto V,7.01,9.27,0.97,4.14,21.4,97,50,82.0,3994,M,Rockstar North,6: 90+,1,1,1,0,0,0,0
18,17,1,495,2004,Grand Theft Auto: San Andreas,9.43,0.4,0.41,10.57,20.81,95,80,90.0,1588,M,Rockstar North,6: 90+,1,1,1,0,0,0,0
19,24,5,360,1990,Super Mario World,12.78,3.75,3.54,0.55,20.61,,,,,,,No score,0,1,1,0,0,0,0
20,5,4,360,2005,Brain Age: Train Your Brain in Minutes a Day,4.75,9.26,4.16,2.05,20.22,77,58,79.0,50,E,Nintendo,4: 70-79,1,1,1,0,0,0,0
21,5,8,360,2006,Pokemon Diamond/Pokemon Pearl,6.42,4.52,6.04,1.37,18.36,,,,,,,No score,0,1,1,0,0,0,0
22,6,5,360,1989,Super Mario Land,10.83,2.71,4.18,0.42,18.14,,,,,,,No score,0,1,1,0,0,0,0
23,12,5,360,1988,Super Mario Bros. 3,9.54,3.44,3.84,0.46,17.28,,,,,,,No score,0,1,1,0,0,0,0
24,29,1,495,2013,Grand Theft Auto V,9.63,5.31,0.06,1.38,16.38,97,58,81.0,3711,M,Rockstar North,6: 90+,1,1,1,0,0,0,0
25,17,1,495,2002,Grand Theft Auto: Vice City,8.41,5.49,0.47,1.78,16.15,95,62,87.0,730,M,Rockstar North,6: 90+,1,1,1,0,0,0,0
26,7,8,360,2002,Pokemon Ruby/Pokemon Sapphire,6.06,3.9,5.38,0.5,15.85,,,,,,,No score,0,1,1,0,0,0,0
27,5,8,360,2010,Pokemon Black/Pokemon White,5.57,3.28,5.65,0.82,15.32,,,,,,,No score,0,1,1,0,0,0,0
28,5,6,360,2005,Brain Age 2: More Training in Minutes a Day,3.44,5.36,5.32,1.18,15.3,77,37,71.0,19,E,Nintendo,4: 70-79,1,1,1,0,0,0,0
29,17,7,457,2001,Gran Turismo 3: A-Spec,6.85,5.09,1.87,1.16,14.98,95,54,84.0,314,E,Polyphony Digital,6: 90+,1,1,1,0,0,0,0
30,29,9,22,2011,Call of Duty: Modern Warfare 3,9.03,4.28,0.13,1.32,14.76,88,81,34.0,8713,M,"Infinity Ward, Sledgehammer Games",5: 80-89,1,1,1,0,0,0,0
31,6,8,360,1998,Pokémon Yellow: Special Pikachu Edition,5.89,5.04,3.12,0.59,14.64,,,,,,,No score,0,1,1,0,0,0,0
32,29,9,22,2010,Call of Duty: Black Ops,9.67,3.73,0.11,1.13,14.64,87,89,63.0,1454,M,Treyarch,5: 80-89,1,1,1,0,0,0,0
33,3,8,360,2013,Pokemon X/Pokemon Y,5.17,4.05,4.34,0.79,14.35,,,,,,,No score,0,1,1,0,0,0,0
34,19,9,22,2015,Call of Duty: Black Ops 3,5.77,5.81,0.35,2.31,14.24,,,,,,,No score,0,1,1,0,0,0,0
35,18,9,22,2012,Call of Duty: Black Ops II,4.99,5.88,0.65,2.52,14.03,83,21,53.0,922,M,Treyarch,5: 80-89,1,1,1,0,0,0,0
36,29,9,22,2012,Call of Duty: Black Ops II,8.25,4.3,0.07,1.12,13.73,83,73,48.0,2256,M,Treyarch,5: 80-89,1,1,1,0,0,0,0
37,29,9,22,2009,Call of Duty: Modern Warfare 2,8.52,3.63,0.08,1.29,13.51,94,100,63.0,2698,M,Infinity Ward,6: 90+,1,1,1,0,0,0,0
38,18,9,22,2011,Call of Duty: Modern Warfare 3,5.54,5.82,0.49,1.62,13.46,88,39,32.0,5234,M,"Infinity Ward, Sledgehammer Games",5: 80-89,1,1,1,0,0,0,0
39,17,1,495,2001,Grand Theft Auto III,6.99,4.51,0.3,1.3,13.1,97,56,85.0,664,M,DMA Design,6: 90+,1,1,1,0,0,0,0
40,26,3,360,2008,Super Smash Bros. Brawl,6.75,2.61,2.66,1.02,13.04,93,81,89.0,1662,T,Game Arts,6: 90+,1,1,1,0,0,0,0
41,18,9,22,2010,Call of Duty: Black Ops,5.98,4.44,0.48,1.83,12.73,88,58,64.0,1094,M,Treyarch,5: 80-89,1,1,1,0,0,0,0
42,5,10,360,2005,Animal Crossing: Wild World,2.55,3.52,5.33,0.88,12.27,86,57,87.0,242,E,Nintendo,5: 80-89,1,1,1,0,0,0,0
43,3,7,360,2011,Mario Kart 7,4.74,3.91,2.67,0.89,12.21,85,73,82.0,632,E,"Retro Studios, Entertainment Analysis & Development Division",5: 80-89,1,1,1,0,0,0,0
44,29,9,324,2007,Halo 3,7.97,2.83,0.13,1.21,12.14,94,86,78.0,4100,M,"Bungie Software, Bungie",6: 90+,1,1,1,0,0,0,0
45,19,1,495,2014,Grand Theft Auto V,3.8,5.81,0.36,2.02,11.98,97,66,83.0,2899,M,Rockstar North,6: 90+,1,1,1,0,0,0,0
46,5,1,360,2009,Pokemon HeartGold/Pokemon SoulSilver,4.4,2.77,3.96,0.77,11.9,,,,,,,No score,0,1,1,0,0,0,0
47,11,5,360,1996,Super Mario 64,6.91,2.85,1.91,0.23,11.89,,,,,,,No score,0,1,1,0,0,0,0
48,17,7,457,2004,Gran Turismo 4,3.01,0.01,1.1,7.53,11.66,89,74,85.0,272,E,Polyphony Digital,5: 80-89,1,1,1,0,0,0,0
49,26,5,360,2007,Super Mario Galaxy,6.16,3.4,1.2,0.76,11.52,97,73,89.0,2147,E,Nintendo,6: 90+,1,1,1,0,0,0,0
50,3,8,360,2014,Pokemon Omega Ruby/Pokemon Alpha Sapphire,4.23,3.37,3.08,0.65,11.33,,,,,,,No score,0,1,1,0,0,0,0
51,6,2,360,1992,Super Mario Land 2: 6 Golden Coins,6.16,2.04,2.69,0.29,11.18,,,,,,,No score,0,1,1,0,0,0,0
52,29,1,495,2008,Grand Theft Auto IV,6.76,3.1,0.14,1.03,11.02,98,86,79.0,2951,M,Rockstar North,6: 90+,1,1,1,0,0,0,0
53,16,7,457,1997,Gran Turismo,4.02,3.87,2.54,0.52,10.95,96,16,87.0,138,E,Polyphony Digital,6: 90+,1,1,1,0,0,0,0
54,3,5,360,2011,Super Mario 3D Land,4.89,2.99,2.13,0.78,10.79,90,82,84.0,921,E,Nintendo,6: 90+,1,1,1,0,0,0,0
55,18,7,457,2010,Gran Turismo 5,2.96,4.88,0.81,2.12,10.77,84,82,75.0,1112,E,Polyphony Digital,5: 80-89,1,1,1,0,0,0,0
56,18,9,22,2009,Call of Duty: Modern Warfare 2,4.99,3.69,0.38,1.63,10.69,94,67,63.0,2073,M,Infinity Ward,6: 90+,1,1,1,0,0,0,0
57,18,1,495,2008,Grand Theft Auto IV,4.76,3.76,0.44,1.62,10.57,98,64,75.0,2833,M,Rockstar North,6: 90+,1,1,1,0,0,0,0
58,24,5,360,1993,Super Mario All-Stars,5.99,2.15,2.12,0.29,10.55,,,,,,,No score,0,1,1,0,0,0,0
59,7,8,360,2004,Pokemon FireRed/Pokemon LeafGreen,4.34,2.65,3.15,0.35,10.49,,,,,,,No score,0,1,1,0,0,0,0
60,5,5,360,2004,Super Mario 64,5.08,3.11,1.25,0.98,10.42,,,,,,,No score,0,1,1,0,0,0,0
61,26,4,526,2011,Just Dance 3,6.05,3.15,0.0,1.07,10.26,74,15,78.0,16,E10+,Ubisoft,4: 70-79,1,1,1,0,0,0,0
62,29,9,22,2013,Call of Duty: Ghosts,6.72,2.63,0.04,0.82,10.21,73,29,26.0,2117,M,Infinity Ward,4: 70-79,1,1,1,0,0,0,0
63,29,9,324,2010,Halo: Reach,7.03,1.98,0.08,0.78,9.88,91,99,79.0,2045,M,Bungie,6: 90+,1,1,0,0,0,0,0
64,11,7,360,1996,Mario Kart 64,5.55,1.94,2.23,0.15,9.87,,,,,,,No score,0,1,0,0,0,0,0
65,3,5,360,2012,New Super Mario Bros. 2,3.66,3.07,2.47,0.63,9.82,78,70,72.0,424,E,Nintendo,4: 70-79,1,1,0,0,0,0,0
66,29,9,324,2012,Halo 4,6.63,2.36,0.04,0.73,9.76,87,87,70.0,3260,M,343 Industries,5: 80-89,1,1,0,0,0,0,0
67,16,8,457,1997,Final Fantasy VII,3.01,2.47,3.28,0.96,9.72,92,20,92.0,1282,T,SquareSoft,6: 90+,1,1,0,0,0,0,0
68,18,9,22,2013,Call of Duty: Ghosts,4.09,3.73,0.38,1.38,9.59,71,10,26.0,1047,M,Infinity Ward,4: 70-79,1,1,0,0,0,0,0
69,26,4,526,2010,Just Dance 2,5.84,2.89,0.01,0.78,9.52,74,24,73.0,24,E10+,Ubisoft,4: 70-79,1,1,0,0,0,0,0
70,16,7,457,1999,Gran Turismo 2,3.88,3.42,1.69,0.5,9.49,93,23,90.0,135,T,Polyphony Digital,6: 90+,1,1,0,0,0,0,0
71,29,9,22,2007,Call of Duty 4: Modern Warfare,5.91,2.38,0.13,0.9,9.32,94,70,84.0,1320,M,Infinity Ward,6: 90+,1,1,0,0,0,0,0
72,24,5,360,1994,Donkey Kong Country,4.36,1.71,3.0,0.23,9.3,,,,,,,No score,0,1,0,0,0,0,0
73,29,4,324,2013,Minecraft,5.58,2.83,0.02,0.77,9.2,,,,,,,No score,0,1,0,0,0,0,0
74,3,10,360,2012,Animal Crossing: New Leaf,2.01,2.32,4.36,0.41,9.09,88,70,87.0,626,E,Nintendo,5: 80-89,1,1,0,0,0,0,0
75,5,4,360,2007,Mario Party DS,4.46,1.88,1.98,0.7,9.02,72,27,78.0,85,E,Hudson Soft,4: 70-79,1,1,0,0,0,0,0
76,29,8,67,2011,The Elder Scrolls V: Skyrim,5.03,2.86,0.1,0.85,8.84,96,89,84.0,3589,M,Bethesda Game Studios,6: 90+,1,1,0,0,0,0,0
77,24,7,360,1992,Super Mario Kart,3.54,1.24,3.81,0.18,8.76,,,,,,,No score,0,1,0,0,0,0,0
78,19,11,139,2015,FIFA 16,1.11,6.06,0.06,1.26,8.49,82,42,43.0,896,E,EA Sports,5: 80-89,1,1,0,0,0,0,0
79,26,4,360,2010,Wii Party,1.79,3.53,2.49,0.68,8.49,68,42,74.0,54,E,Nd Cube,3: 60-69,1,1,0,0,0,0,0
80,30,9,324,2004,Halo 2,6.82,1.53,0.05,0.08,8.49,95,91,82.0,1218,M,Bungie Software,6: 90+,1,1,0,0,0,0,0
81,26,4,360,2007,Mario Party 8,3.81,2.3,1.58,0.73,8.42,62,41,63.0,190,E,Hudson,3: 60-69,1,1,0,0,0,0,0
82,5,8,360,2012,Pokemon Black 2/Pokemon White 2,2.91,1.86,3.14,0.43,8.33,,,,,,,No score,0,1,0,0,0,0,0
83,18,1,139,2012,FIFA Soccer 13,1.06,5.05,0.13,2.01,8.24,88,37,66.0,348,E,Electronic Arts,5: 80-89,1,1,0,0,0,0,0
84,14,10,139,2009,The Sims 3,0.98,6.42,0.0,0.71,8.11,86,75,76.0,886,T,The Sims Studio,5: 80-89,1,1,0,0,0,0,0
85,11,9,360,1997,GoldenEye 007,5.8,2.01,0.13,0.15,8.09,,,,,,,No score,0,1,0,0,0,0,0
86,26,11,447,2007,Mario & Sonic at the Olympic Games,2.58,3.9,0.66,0.91,8.06,,,,,,,No score,0,1,0,0,0,0,0
87,17,8,457,2001,Final Fantasy X,2.91,2.07,2.73,0.33,8.05,92,53,87.0,1056,T,SquareSoft,6: 90+,1,1,0,0,0,0,0
88,16,8,467,1999,Final Fantasy VIII,2.28,1.72,3.63,0.23,7.86,90,24,86.0,644,T,SquareSoft,6: 90+,1,1,0,0,0,0,0
89,5,8,360,2008,Pokémon Platinum Version,2.82,1.78,2.69,0.55,7.84,83,46,85.0,203,E,Game Freak,5: 80-89,1,1,0,0,0,0,0
90,1,6,54,1982,Pac-Man,7.28,0.45,0.0,0.08,7.81,,,,,,,No score,0,1,0,0,0,0,0
91,20,1,495,2005,Grand Theft Auto: Liberty City Stories,2.9,2.83,0.24,1.75,7.72,88,65,76.0,451,M,Rockstar Leeds,5: 80-89,1,1,0,0,0,0,0
92,26,5,360,2010,Super Mario Galaxy 2,3.66,2.42,0.98,0.64,7.69,97,87,91.0,1854,E,Nintendo EAD Tokyo,6: 90+,1,1,0,0,0,0,0
93,19,9,139,2015,Star Wars Battlefront (2015),2.93,3.29,0.22,1.23,7.67,,,,,,,No score,0,1,0,0,0,0,0
94,19,9,22,2014,Call of Duty: Advanced Warfare,2.8,3.3,0.14,1.37,7.6,83,39,57.0,1443,M,Sledgehammer Games,5: 80-89,1,1,0,0,0,0,0
95,11,1,360,1998,The Legend of Zelda: Ocarina of Time,4.1,1.89,1.45,0.16,7.6,,,,,,,No score,0,1,0,0,0,0,0
96,16,5,457,1997,Crash Bandicoot 2: Cortex Strikes Back,3.78,2.17,1.31,0.31,7.58,,,,,,,No score,0,1,0,0,0,0,0
97,12,5,360,1988,Super Mario Bros. 2,5.39,1.18,0.7,0.19,7.46,,,,,,,No score,0,1,0,0,0,0,0
98,3,3,360,2014,Super Smash Bros. for Wii U and 3DS,3.24,1.35,2.42,0.43,7.45,,,,,,,No score,0,1,0,0,0,0,0
99,29,9,22,2008,Call of Duty: World at War,4.79,1.9,0.0,0.69,7.37,84,84,76.0,580,M,Treyarch,5: 80-89,1,1,0,0,0,0,0
100,29,9,139,2011,Battlefield 3,4.46,2.13,0.06,0.69,7.34,84,57,74.0,2142,M,EA DICE,5: 80-89,1,1,0,0,0,0,0
101,26,1,360,2006,The Legend of Zelda: Twilight Princess,3.83,2.19,0.6,0.7,7.31,95,73,90.0,1658,T,Nintendo,6: 90+,1,1,0,0,0,0,0
102,31,9,22,2015,Call of Duty: Black Ops 3,4.52,2.09,0.01,0.67,7.3,,,,,,,No score,0,1,0,0,0,0,0
103,26,4,526,2009,Just Dance,3.51,3.03,0.0,0.73,7.27,49,21,80.0,110,E10+,Ubisoft Paris,1: <50,1,1,0,0,0,0,0
104,18,9,139,2011,Battlefield 3,2.85,2.93,0.35,1.1,7.23,85,38,75.0,1761,M,EA DICE,5: 80-89,1,1,0,0,0,0,0
105,17,7,139,2003,Need for Speed Underground,3.27,2.83,0.08,1.02,7.2,85,33,86.0,171,E,EA Black Box,5: 80-89,1,1,0,0,0,0,0
106,16,3,457,1998,Tekken 3,3.27,2.22,1.4,0.29,7.16,96,15,91.0,367,T,Namco,6: 90+,1,1,0,1,0,0,0
107,16,5,457,1998,Crash Bandicoot 3: Warped,3.68,1.75,1.42,0.28,7.13,91,12,89.0,432,E,Naughty Dog,6: 90+,1,1,0,0,0,0,0
108,8,3,360,2001,Super Smash Bros. Melee,4.41,1.04,1.39,0.22,7.07,92,38,91.0,568,T,HAL Labs,6: 90+,1,1,0,0,0,0,0
109,27,7,360,2014,Mario Kart 8,3.13,2.07,1.27,0.49,6.96,88,82,91.0,1599,E,Nintendo,5: 80-89,1,1,0,0,0,0,0
110,19,8,67,2015,Fallout 4,2.47,3.15,0.24,1.1,6.96,87,58,65.0,4228,M,Bethesda Game Studios,5: 80-89,1,1,0,0,0,0,0
111,8,7,360,2003,Mario Kart: Double Dash!!,4.12,1.77,0.87,0.19,6.95,,,,,,,No score,0,1,0,0,0,0,0
112,26,4,526,2012,Just Dance 4,4.14,2.21,0.0,0.56,6.91,74,10,73.0,28,E10+,Ubisoft,4: 70-79,1,1,0,0,0,0,0
113,18,11,139,2013,FIFA 14,0.78,4.32,0.07,1.73,6.9,86,37,43.0,576,E,EA Canada,5: 80-89,1,1,0,0,0,0,0
114,17,7,139,2004,Need for Speed Underground 2,2.71,3.02,0.08,1.09,6.9,82,39,86.0,132,E,EA Canada,5: 80-89,1,1,0,0,0,0,0
115,17,9,139,2002,Medal of Honor: Frontline,2.93,2.75,0.17,0.99,6.83,88,29,85.0,135,T,EA LA,5: 80-89,1,1,0,0,0,0,0
116,18,1,457,2011,Uncharted 3: Drake's Deception,2.77,2.8,0.19,1.06,6.83,92,97,83.0,3712,T,Naughty Dog,6: 90+,1,1,0,0,0,0,0
117,16,5,457,1996,Crash Bandicoot,3.23,2.35,0.94,0.3,6.82,,,,,,,No score,0,1,0,0,0,0,0
118,26,11,7,2010,Zumba Fitness,3.5,2.64,0.0,0.67,6.81,,,,,E,"Pipeworks Software, Inc.",No score,1,1,0,0,0,0,0
119,29,9,324,2008,Gears of War 2,4.15,1.92,0.06,0.64,6.76,93,90,77.0,2739,M,Epic Games,6: 90+,1,1,0,0,0,0,0
120,18,1,457,2009,Uncharted 2: Among Thieves,3.27,2.25,0.21,1.0,6.73,96,105,88.0,5187,T,Naughty Dog,6: 90+,1,1,0,0,0,0,0
121,18,9,22,2007,Call of Duty 4: Modern Warfare,3.1,2.3,0.28,1.04,6.72,94,44,84.0,993,M,Infinity Ward,6: 90+,1,1,0,0,0,0,0
122,18,11,139,2011,FIFA 12,0.84,4.32,0.11,1.42,6.69,,,,,,,No score,0,1,0,0,0,0,0
123,5,4,360,2005,Big Brain Academy,1.67,2.78,1.6,0.62,6.67,74,45,74.0,27,E,Nintendo,4: 70-79,1,1,0,0,0,0,0
124,18,1,495,2010,Red Dead Redemption,2.79,2.61,0.17,1.03,6.6,95,73,88.0,2456,M,Rockstar San Diego,6: 90+,1,1,0,0,0,0,0
125,19,11,139,2014,FIFA 15,0.79,4.29,0.05,1.47,6.59,82,47,57.0,988,E,EA Sports,5: 80-89,1,1,0,0,0,0,0
126,26,5,360,2010,Donkey Kong Country Returns,3.25,1.84,1.03,0.47,6.59,87,77,86.0,368,E,Retro Studios,5: 80-89,1,1,0,0,0,0,0
127,18,8,67,2011,The Elder Scrolls V: Skyrim,2.55,2.71,0.25,1.05,6.56,92,16,64.0,2527,M,Bethesda Game Studios,6: 90+,1,1,0,0,0,0,0
128,12,1,360,1986,The Legend of Zelda,3.74,0.93,1.69,0.14,6.51,,,,,,,No score,0,1,0,0,0,0,0
129,18,1,526,2012,Assassin's Creed III,2.64,2.56,0.16,1.14,6.5,85,41,69.0,1307,M,Ubisoft,5: 80-89,1,1,0,0,0,0,0
130,30,9,324,2001,Halo: Combat Evolved,4.98,1.3,0.08,0.07,6.43,97,68,86.0,1283,M,Bungie Software,6: 90+,1,1,0,0,0,0,0
131,7,8,360,2004,Pokémon Emerald Version,2.57,1.58,2.06,0.21,6.41,76,28,90.0,222,E,Game Freak,4: 70-79,1,1,0,0,0,0,0
132,17,8,457,2002,Kingdom Hearts,3.64,1.2,1.49,0.07,6.4,85,46,88.0,597,E,SquareSoft,5: 80-89,1,1,0,0,0,0,0
133,6,8,360,2000,Pokémon Crystal Version,2.55,1.56,1.29,0.99,6.39,,,,,,,No score,0,1,0,0,0,0,0
134,29,9,324,2009,Halo 3: ODST,4.34,1.35,0.06,0.61,6.36,83,94,71.0,1163,M,"Bungie Software, Bungie",5: 80-89,1,1,0,0,0,0,0
135,29,1,495,2010,Red Dead Redemption,3.7,1.97,0.09,0.57,6.34,95,96,90.0,2316,M,Rockstar San Diego,6: 90+,1,1,0,0,0,0,0
136,8,5,360,2002,Super Mario Sunshine,4.01,1.26,0.87,0.17,6.31,92,61,86.0,439,E,Nintendo,6: 90+,1,1,0,0,0,0,0
137,24,3,86,1992,Street Fighter II: The World Warrior,2.47,0.83,2.87,0.12,6.3,,,,,,,No score,0,1,0,0,0,0,0
138,14,8,22,2004,World of Warcraft,0.07,6.21,0.0,0.0,6.28,93,57,73.0,2182,T,Blizzard Entertainment,6: 90+,1,1,0,0,0,0,0
139,16,1,178,1999,Driver,3.11,2.8,0.02,0.33,6.27,87,22,81.0,78,T,Reflections Interactive,5: 80-89,1,1,0,0,0,0,0
140,29,11,324,2010,Kinect Sports,3.92,1.78,0.03,0.51,6.24,73,51,74.0,95,E10+,Rare Ltd.,4: 70-79,1,1,0,0,0,0,0
141,29,9,324,2011,Gears of War 3,4.05,1.62,0.07,0.49,6.24,91,96,78.0,1504,M,Epic Games,6: 90+,1,1,0,0,0,0,0
142,29,9,324,2006,Gears of War,3.54,1.9,0.07,0.6,6.11,94,88,83.0,2295,M,Epic Games,6: 90+,1,1,0,0,0,0,0
143,17,1,276,2001,Metal Gear Solid 2: Sons of Liberty,2.45,2.01,0.87,0.72,6.05,96,42,87.0,1026,M,KCEJ,6: 90+,1,1,0,0,0,0,0
144,9,5,447,1992,Sonic the Hedgehog 2,4.47,1.2,0.16,0.19,6.03,,,,,,,No score,0,1,0,0,0,0,0
145,18,1,276,2008,Metal Gear Solid 4: Guns of the Patriots,2.63,1.74,0.83,0.83,6.03,94,82,87.0,3558,M,Kojima Productions,6: 90+,1,1,0,0,0,0,0
146,16,1,276,1998,Metal Gear Solid,3.18,1.83,0.78,0.24,6.03,94,20,94.0,918,M,KCEJ,6: 90+,1,1,0,0,0,0,0
147,18,1,459,2013,The Last of Us,2.41,2.28,0.28,1.01,5.99,95,98,91.0,8003,M,Naughty Dog,6: 90+,1,1,0,0,0,0,0
148,17,8,466,2006,Final Fantasy XII,1.88,0.0,2.33,1.74,5.95,92,64,76.0,972,T,Square Enix,6: 90+,1,1,0,0,0,0,0
149,18,5,457,2008,LittleBigPlanet,2.8,2.05,0.17,0.9,5.92,95,85,68.0,5311,E,"SCE/WWS, Media Molecule",6: 90+,1,1,0,0,0,0,0
150,5,8,360,2009,Dragon Quest IX: Sentinels of the Starry Skies,0.66,0.69,4.35,0.15,5.84,87,65,88.0,197,E10+,Level 5,5: 80-89,1,1,0,0,0,0,0
